<package>
   <name>JUNOS_10.0R1.8</name>
   <foldername>JUNOS_10.0R1.8</foldername>
   <date>11/23/2009</date>
   <author>Unleash Networks </author>
   <version>v1.0</version>
   <description>JUNOS_10.0R1.8 mibs</description>
   <modulecount>155</modulecount>
   <size>31988404</size>
	<modules>
		<module vosmi="MibPkManifest.vosmi"        asn="7ZipManifest.txt"/>
		<module vosmi="IEEE8023-LAG-MIB.vosmi"        asn="mib-802.3ad.txt"/>
		<module vosmi="BGP4-MIB.vosmi"        asn="mib-bgpmib.txt"/>
		<module vosmi="DIFFSERV-DSCP-TC.vosmi"        asn="mib-diffServDscp-tc.txt"/>
		<module vosmi="ESO-CONSORTIUM-MIB.vosmi"        asn="mib-eso-consortium.txt"/>
		<module vosmi="IANA-GMPLS-TC-MIB.vosmi"        asn="mib-IANA-GMPLS-TC-MIB.txt"/>
		<module vosmi="IANA-RTPROTO-MIB.vosmi"        asn="mib-IANA-RTPROTO-MIB.txt"/>
		<module vosmi="IANAifType-MIB.vosmi"        asn="mib-IANAifType-MIB.txt"/>
		<module vosmi="IEEE8021-PAE-MIB.vosmi"        asn="mib-ieee8021pae.txt"/>
		<module vosmi="IGMP-STD-MIB.vosmi"        asn="mib-igmpmib.txt"/>
		<module vosmi="ATM-FORUM-MIB.vosmi"        asn="mib-ilmim.txt"/>
		<module vosmi="ISIS-MIB.vosmi"        asn="mib-isismib.txt"/>
		<module vosmi="JUNIPER-ANALYZER-MIB.vosmi"        asn="mib-jnx-analyzer.txt"/>
		<module vosmi="JUNIPER-ATM-COS-MIB.vosmi"        asn="mib-jnx-atm-cos.txt"/>
		<module vosmi="JUNIPER-ATM-MIB.vosmi"        asn="mib-jnx-atm.txt"/>
		<module vosmi="BFD-STD-MIB.vosmi"        asn="mib-jnx-bfd-exp.txt"/>
		<module vosmi="JUNIPER-BFD-MIB.vosmi"        asn="mib-jnx-bfd.txt"/>
		<module vosmi="BGP4-V2-MIB-JUNIPER.vosmi"        asn="mib-jnx-bgpmib2.txt"/>
		<module vosmi="JUNIPER-CFGMGMT-MIB.vosmi"        asn="mib-jnx-cfgmgmt.txt"/>
		<module vosmi="JUNIPER-CHASSIS-DEFINES-MIB.vosmi"        asn="mib-jnx-chas-defines.txt"/>
		<module vosmi="JUNIPER-ALARM-MIB.vosmi"        asn="mib-jnx-chassis-alarm.txt"/>
		<module vosmi="JUNIPER-CHASSIS-FWDD-MIB.vosmi"        asn="mib-jnx-chassis-fwdd.txt"/>
		<module vosmi="JUNIPER-MIB.vosmi"        asn="mib-jnx-chassis.txt"/>
		<module vosmi="JUNIPER-COLLECTOR-MIB.vosmi"        asn="mib-jnx-coll.txt"/>
		<module vosmi="JUNIPER-COS-MIB.vosmi"        asn="mib-jnx-cos.txt"/>
		<module vosmi="JUNIPER-DCU-MIB.vosmi"        asn="mib-jnx-dcu.txt"/>
		<module vosmi="JUNIPER-DFC-MIB.vosmi"        asn="mib-jnx-dfc.txt"/>
		<module vosmi="JUNIPER-EVENT-MIB.vosmi"        asn="mib-jnx-event.txt"/>
		<module vosmi="JUNIPER-EX-MAC-NOTIFICATION-MIB.vosmi"        asn="mib-jnx-ex-mac-notification.txt"/>
		<module vosmi="JUNIPER-EX-SMI.vosmi"        asn="mib-jnx-ex-smi.txt"/>
		<module vosmi="JUNIPER-EXPERIMENT-MIB.vosmi"        asn="mib-jnx-exp.txt"/>
		<module vosmi="JUNIPER-FIREWALL-MIB.vosmi"        asn="mib-jnx-firewall.txt"/>
		<module vosmi="JUNIPER-HOSTRESOURCES-MIB.vosmi"        asn="mib-jnx-hostresources.txt"/>
		<module vosmi="JUNIPER-IF-MIB.vosmi"        asn="mib-jnx-if-extensions.txt"/>
		<module vosmi="JUNIPER-IPFORWARD-MIB.vosmi"        asn="mib-jnx-ipforward.txt"/>
		<module vosmi="JUNIPER-IPSEC-FLOW-MON-MIB.vosmi"        asn="mib-jnx-ipsec-flow-mon.txt"/>
		<module vosmi="JNX-IPSEC-MONITOR-MIB.vosmi"        asn="mib-jnx-ipsec-monitor-asp.txt"/>
		<module vosmi="JUNIPER-IPv4-MIB.vosmi"        asn="mib-jnx-ipv4.txt"/>
		<module vosmi="JUNIPER-IPv6-MIB.vosmi"        asn="mib-jnx-ipv6.txt"/>
		<module vosmi="JUNIPER-JS-AUTH-MIB.vosmi"        asn="mib-jnx-js-auth.txt"/>
		<module vosmi="JUNIPER-JS-CERT-MIB.vosmi"        asn="mib-jnx-js-cert.txt"/>
		<module vosmi="JUNIPER-JS-DNS-MIB.vosmi"        asn="mib-jnx-js-dns.txt"/>
		<module vosmi="JUNIPER-JS-IDP-MIB.vosmi"        asn="mib-jnx-js-idp.txt"/>
		<module vosmi="JUNIPER-JS-IF-EXT-MIB.vosmi"        asn="mib-jnx-js-if-ext.txt"/>
		<module vosmi="JUNIPER-JS-IPSEC-VPN-MIB.vosmi"        asn="mib-jnx-js-ipsec-vpn.txt"/>
		<module vosmi="JUNIPER-JS-NAT-MIB.vosmi"        asn="mib-jnx-js-nat.txt"/>
		<module vosmi="JUNIPER-JS-POLICY-MIB.vosmi"        asn="mib-jnx-js-policy.txt"/>
		<module vosmi="JUNIPER-JS-SCREENING-MIB.vosmi"        asn="mib-jnx-js-screening.txt"/>
		<module vosmi="JUNIPER-JS-SMI.vosmi"        asn="mib-jnx-js-smi.txt"/>
		<module vosmi="JUNIPER-SRX5000-SPU-MONITORING-MIB.vosmi"        asn="mib-jnx-js-spu-monitoring.txt"/>
		<module vosmi="JUNIPER-JS-UTM-AV-MIB.vosmi"        asn="mib-jnx-js-utm-av.txt"/>
		<module vosmi="JUNIPER-CHASSIS-CLUSTER-MIB.vosmi"        asn="mib-jnx-jsrpd.txt"/>
		<module vosmi="JUNIPER-L2ALD-MIB.vosmi"        asn="mib-jnx-l2ald.txt"/>
		<module vosmi="JUNIPER-L2CP-FEATURES-MIB.vosmi"        asn="mib-jnx-l2cp-features.txt"/>
		<module vosmi="JNX-L2TP-MIB.vosmi"        asn="mib-jnx-l2tp.txt"/>
		<module vosmi="JUNIPER-LDP-MIB.vosmi"        asn="mib-jnx-ldp.txt"/>
		<module vosmi="JUNIPER-MAC-MIB.vosmi"        asn="mib-jnx-mac.txt"/>
		<module vosmi="JUNIPER-MIMSTP-MIB.vosmi"        asn="mib-jnx-mimstp.txt"/>
		<module vosmi="JUNIPER-MPLS-LDP-MIB.vosmi"        asn="mib-jnx-mpls-ldp.txt"/>
		<module vosmi="MPLS-MIB.vosmi"        asn="mib-jnx-mpls.txt"/>
		<module vosmi="OSPFV3-MIB-JUNIPER.vosmi"        asn="mib-jnx-ospfv3mib.txt"/>
		<module vosmi="JUNIPER-OTN-MIB.vosmi"        asn="mib-jnx-otn.txt"/>
		<module vosmi="JUNIPER-PAE-EXTENSION-MIB.vosmi"        asn="mib-jnx-pae-extension.txt"/>
		<module vosmi="JUNIPER-PFE-MIB.vosmi"        asn="mib-jnx-pfe.txt"/>
		<module vosmi="JUNIPER-PING-MIB.vosmi"        asn="mib-jnx-ping.txt"/>
		<module vosmi="JUNIPER-PMon-MIB.vosmi"        asn="mib-jnx-pmon.txt"/>
		<module vosmi="JUNIPER-PW-TDM-MIB.vosmi"        asn="mib-jnx-pwtdm.txt"/>
		<module vosmi="JUNIPER-RMON-MIB.vosmi"        asn="mib-jnx-rmon.txt"/>
		<module vosmi="JUNIPER-RPF-MIB.vosmi"        asn="mib-jnx-rpf.txt"/>
		<module vosmi="JUNIPER-RPM-MIB.vosmi"        asn="mib-jnx-rpm.txt"/>
		<module vosmi="JUNIPER-RPS-MIB.vosmi"        asn="mib-jnx-rps.txt"/>
		<module vosmi="JUNIPER-RSVP-MIB.vosmi"        asn="mib-jnx-rsvp.txt"/>
		<module vosmi="JUNIPER-RTM-MIB.vosmi"        asn="mib-jnx-rtm.txt"/>
		<module vosmi="JUNIPER-SCU-MIB.vosmi"        asn="mib-jnx-scu.txt"/>
		<module vosmi="JUNIPER-SECURE-ACCESS-PORT-MIB.vosmi"        asn="mib-jnx-secure-access-port.txt"/>
		<module vosmi="JUNIPER-SIP-COMMON-MIB.vosmi"        asn="mib-jnx-sipcommon.txt"/>
		<module vosmi="JUNIPER-SMI.vosmi"        asn="mib-jnx-smi.txt"/>
		<module vosmi="JUNIPER-SONET-MIB.vosmi"        asn="mib-jnx-sonet.txt"/>
		<module vosmi="APS-MIB.vosmi"        asn="mib-jnx-sonetaps.txt"/>
		<module vosmi="JUNIPER-SP-MIB.vosmi"        asn="mib-jnx-sp.txt"/>
		<module vosmi="JUNIPER-SYSLOG-MIB.vosmi"        asn="mib-jnx-syslog.txt"/>
		<module vosmi="JUNIPER-TRACEROUTE-MIB.vosmi"        asn="mib-jnx-traceroute.txt"/>
		<module vosmi="JUNIPER-USER-AAA-MIB.vosmi"        asn="mib-jnx-user-aaa.txt"/>
		<module vosmi="JUNIPER-UTIL-MIB.vosmi"        asn="mib-jnx-util.txt"/>
		<module vosmi="JUNIPER-VIRTUALCHASSIS-MIB.vosmi"        asn="mib-jnx-virtualchassis.txt"/>
		<module vosmi="JUNIPER-VLAN-MIB.vosmi"        asn="mib-jnx-vlan.txt"/>
		<module vosmi="JUNIPER-VPN-MIB.vosmi"        asn="mib-jnx-vpn.txt"/>
		<module vosmi="MPLS-VPN-MIB.vosmi"        asn="mib-l3vpnmib.txt"/>
		<module vosmi="LLDP-MIB.vosmi"        asn="mib-lldp.txt"/>
		<module vosmi="IPMROUTE-MIB.vosmi"        asn="mib-mroutemib.txt"/>
		<module vosmi="DRAFT-MSDP-MIB.vosmi"        asn="mib-msdpmib.txt"/>
		<module vosmi="OSPF-MIB.vosmi"        asn="mib-ospf2mib.txt"/>
		<module vosmi="OSPF-TRAP-MIB.vosmi"        asn="mib-ospf2trap.txt"/>
		<module vosmi="PIM-MIB.vosmi"        asn="mib-pimmib.txt"/>
		<module vosmi="TOKEN-RING-RMON-MIB.vosmi"        asn="mib-rfc1513.txt"/>
		<module vosmi="SNA-SDLC-MIB.vosmi"        asn="mib-rfc1747.txt"/>
		<module vosmi="SNMPv2-MIB.vosmi"        asn="mib-rfc1907.txt"/>
		<module vosmi="IP-MIB.vosmi"        asn="mib-rfc2011a.txt"/>
		<module vosmi="TCP-MIB.vosmi"        asn="mib-rfc2012a.txt"/>
		<module vosmi="UDP-MIB.vosmi"        asn="mib-rfc2013a.txt"/>
		<module vosmi="DLSW-MIB.vosmi"        asn="mib-rfc2024a.txt"/>
		<module vosmi="FRAME-RELAY-DTE-MIB.vosmi"        asn="mib-rfc2115a.txt"/>
		<module vosmi="INTEGRATED-SERVICES-MIB.vosmi"        asn="mib-rfc2213.txt"/>
		<module vosmi="SYSAPPL-MIB.vosmi"        asn="mib-rfc2287a.txt"/>
		<module vosmi="IPV6-MIB.vosmi"        asn="mib-rfc2465.txt"/>
		<module vosmi="IPV6-TC.vosmi"        asn="mib-rfc2465tc.txt"/>
		<module vosmi="PerfHist-TC-MIB.vosmi"        asn="mib-rfc2493.txt"/>
		<module vosmi="DS1-MIB.vosmi"        asn="mib-rfc2495a.txt"/>
		<module vosmi="ATM-TC-MIB.vosmi"        asn="mib-rfc2514.txt"/>
		<module vosmi="ATM-MIB.vosmi"        asn="mib-rfc2515a.txt"/>
		<module vosmi="SNMP-FRAMEWORK-MIB.vosmi"        asn="mib-rfc2571.txt"/>
		<module vosmi="SNMP-MPD-MIB.vosmi"        asn="mib-rfc2572.txt"/>
		<module vosmi="SNMP-USER-BASED-SM-MIB.vosmi"        asn="mib-rfc2574.txt"/>
		<module vosmi="SNMP-VIEW-BASED-ACM-MIB.vosmi"        asn="mib-rfc2575.txt"/>
		<module vosmi="SNMP-COMMUNITY-MIB.vosmi"        asn="mib-rfc2576.txt"/>
		<module vosmi="ADSL-LINE-MIB.vosmi"        asn="mib-rfc2662.txt"/>
		<module vosmi="ADSL-TC-MIB.vosmi"        asn="mib-rfc2662tc.txt"/>
		<module vosmi="EtherLike-MIB.vosmi"        asn="mib-rfc2665a.txt"/>
		<module vosmi="VRRP-MIB.vosmi"        asn="mib-rfc2787a.txt"/>
		<module vosmi="HOST-RESOURCES-MIB.vosmi"        asn="mib-rfc2790a.txt"/>
		<module vosmi="HOST-RESOURCES-TYPES.vosmi"        asn="mib-rfc2790type.txt"/>
		<module vosmi="RMON-MIB.vosmi"        asn="mib-rfc2819a.txt"/>
		<module vosmi="INET-ADDRESS-MIB.vosmi"        asn="mib-rfc2851.txt"/>
		<module vosmi="HCNUM-TC.vosmi"        asn="mib-rfc2856a.txt"/>
		<module vosmi="IF-MIB.vosmi"        asn="mib-rfc2863a.txt"/>
		<module vosmi="PTOPO-MIB.vosmi"        asn="mib-rfc2922.txt"/>
		<module vosmi="DISMAN-PING-MIB.vosmi"        asn="mib-rfc2925a.txt"/>
		<module vosmi="DISMAN-TRACEROUTE-MIB.vosmi"        asn="mib-rfc2925b.txt"/>
		<module vosmi="IPMROUTE-STD-MIB.vosmi"        asn="mib-rfc2932.txt"/>
		<module vosmi="FR-MFR-MIB.vosmi"        asn="mib-rfc3020.txt"/>
		<module vosmi="DIFFSERV-MIB.vosmi"        asn="mib-rfc3289.txt"/>
		<module vosmi="SNMP-PROXY-MIB.vosmi"        asn="mib-rfc3413.txt"/>
		<module vosmi="SNMP-NOTIFICATION-MIB.vosmi"        asn="mib-rfc3413notify.txt"/>
		<module vosmi="SNMP-TARGET-MIB.vosmi"        asn="mib-rfc3413target.txt"/>
		<module vosmi="SNMPv2-TM.vosmi"        asn="mib-rfc3417.txt"/>
		<module vosmi="TRANSPORT-ADDRESS-MIB.vosmi"        asn="mib-rfc3419.txt"/>
		<module vosmi="OPT-IF-MIB.vosmi"        asn="mib-rfc3591.txt"/>
		<module vosmi="SONET-MIB.vosmi"        asn="mib-rfc3592.txt"/>
		<module vosmi="POWER-ETHERNET-MIB.vosmi"        asn="mib-rfc3621.txt"/>
		<module vosmi="MPLS-TC-STD-MIB.vosmi"        asn="mib-rfc3811.txt"/>
		<module vosmi="MPLS-TE-STD-MIB.vosmi"        asn="mib-rfc3812.txt"/>
		<module vosmi="MPLS-LSR-STD-MIB.vosmi"        asn="mib-rfc3813.txt"/>
		<module vosmi="DS3-MIB.vosmi"        asn="mib-rfc3896.txt"/>
		<module vosmi="BRIDGE-MIB.vosmi"        asn="mib-rfc4188.txt"/>
		<module vosmi="RSTP-MIB.vosmi"        asn="mib-rfc4318.txt"/>
		<module vosmi="P-BRIDGE-MIB.vosmi"        asn="mib-rfc4363a.txt"/>
		<module vosmi="Q-BRIDGE-MIB.vosmi"        asn="mib-rfc4363b.txt"/>
		<module vosmi="RMON2-MIB.vosmi"        asn="mib-rfc4502.txt"/>
		<module vosmi="GMPLS-TC-STD-MIB.vosmi"        asn="mib-rfc4801.txt"/>
		<module vosmi="GMPLS-TE-STD-MIB.vosmi"        asn="mib-rfc4802.txt"/>
		<module vosmi="GMPLS-LSR-STD-MIB.vosmi"        asn="mib-rfc4803.txt"/>
		<module vosmi="IP-FORWARD-MIB.vosmi"        asn="mib-rtmib.txt"/>
		<module vosmi="SNMPv2-SMI.vosmi"        asn="mib-SNMPv2-SMI.txt"/>
		<module vosmi="SNMPv2-TC.vosmi"        asn="mib-SNMPv2-TC.txt"/>
		<module vosmi="PPVPN-TC-MIB.vosmi"        asn="mib-vpntcmib.txt"/>
	</modules>
</package>
