<package>
   <name>ERX_Enterprise_MIBs_10.3.0</name>
   <foldername>ERX_Enterprise_MIBs_10.3.0</foldername>
   <date>11/23/2009</date>
   <author>Unleash Networks </author>
   <version>v1.0</version>
   <description>ERX_Enterprise_MIBs_10.3.0</description>
   <modulecount>226</modulecount>
   <size>50513236</size>
	<modules>
		<module vosmi="ATM-FORUM-SNMP-M4-MIB.vosmi"        asn="af-nm-0095_001_mib.mi2"/>
		<module vosmi="APS-MIB-JUNI.vosmi"        asn="draft-ietf-atommib-sonetaps-mib-05-juni.mi2"/>
		<module vosmi="BRIDGE-MIB.vosmi"        asn="draft-ietf-bridge-bridgemib-smiv2-05.mi2"/>
		<module vosmi="DISMAN-EVENT-MIB.vosmi"        asn="draft-ietf-disman-event-mib-v2-01.mi2"/>
		<module vosmi="DVMRP-STD-MIB-JUNI.vosmi"        asn="draft-ietf-idmr-dvmrp-mib-11-juni.mi2"/>
		<module vosmi="BGP4-MIB.vosmi"        asn="draft-ietf-idr-bgp4-mib-07.mi2"/>
		<module vosmi="BGP4-V2-MIB-JUNIPER.vosmi"        asn="draft-ietf-idr-bgp4-mibv2-03-jnx.mi2"/>
		<module vosmi="IANA-ADDRESS-FAMILY-NUMBERS-MIB.vosmi"        asn="IANA-ADDRESS-FAMILY-NUMBERS-MIB.mi2"/>
		<module vosmi="IANA-RTPROTO-MIB.vosmi"        asn="IANA-RTPROTO-MIB.mi2"/>
		<module vosmi="IANAifType-MIB.vosmi"        asn="IANAifType-MIB.mi2"/>
		<module vosmi="JUNIPER-EXPERIMENT-MIB.vosmi"        asn="jnxExperiment.mi2"/>
		<module vosmi="JUNIPER-SMI.vosmi"        asn="jnxSmi.mi2"/>
		<module vosmi="Juniper-AAA-MIB.vosmi"        asn="juniAaa.mi2"/>
		<module vosmi="Juniper-AAA-Server-CONF.vosmi"        asn="juniAaaServerAC.mi2"/>
		<module vosmi="Juniper-Accounting-CONF.vosmi"        asn="juniAccountingAC.mi2"/>
		<module vosmi="Juniper-ACCOUNTING-MIB.vosmi"        asn="juniAcctng.mi2"/>
		<module vosmi="Juniper-ADDRESS-POOL-MIB.vosmi"        asn="juniAddrPool.mi2"/>
		<module vosmi="Juniper-Agents.vosmi"        asn="juniAgents.mi2"/>
		<module vosmi="Juniper-UNI-ATM-MIB.vosmi"        asn="juniAtm.mi2"/>
		<module vosmi="Juniper-ATM-CONF.vosmi"        asn="juniAtmAC.mi2"/>
		<module vosmi="Juniper-ATM-1483-Profile-MIB.vosmi"        asn="juniAtmProfile.mi2"/>
		<module vosmi="Juniper-ATM-1483-Profile-CONF.vosmi"        asn="juniAtmProfileAC.mi2"/>
		<module vosmi="Juniper-AUTOCONFIGURE-MIB.vosmi"        asn="juniAutoconf.mi2"/>
		<module vosmi="Juniper-Autoconfigure-CONF.vosmi"        asn="juniAutoconfAC.mi2"/>
		<module vosmi="Juniper-BGP-MIB.vosmi"        asn="juniBgp.mi2"/>
		<module vosmi="Juniper-BGP-CONF.vosmi"        asn="juniBgpAC.mi2"/>
		<module vosmi="Juniper-BRIDGE-MIB.vosmi"        asn="juniBridge.mi2"/>
		<module vosmi="Juniper-Bridge-CONF.vosmi"        asn="juniBridgeAC.mi2"/>
		<module vosmi="Juniper-Bridged-Ethernet-CONF.vosmi"        asn="juniBridgedEthernetAC.mi2"/>
		<module vosmi="Juniper-BRIDGE-ETHERNET-MIB.vosmi"        asn="juniBridgeEthernet.mi2"/>
		<module vosmi="Juniper-Bridging-Manager-MIB.vosmi"        asn="juniBridgingMgr.mi2"/>
		<module vosmi="Juniper-Bridging-Manager-CONF.vosmi"        asn="juniBridgingMgrAC.mi2"/>
		<module vosmi="Juniper-CLI-MIB.vosmi"        asn="juniCli.mi2"/>
		<module vosmi="Juniper-CLI-CONF.vosmi"        asn="juniCliAC.mi2"/>
		<module vosmi="Juniper-COPS-MIB.vosmi"        asn="juniCops.mi2"/>
		<module vosmi="Juniper-COPS-CONF.vosmi"        asn="juniCopsAC.mi2"/>
		<module vosmi="Juniper-DHCPv6-MIB.vosmi"        asn="juniDhcpv6.mi2"/>
		<module vosmi="Juniper-DHCPv6-CONF.vosmi"        asn="juniDhcpv6AC.mi2"/>
		<module vosmi="Juniper-DISMAN-EVENT-MIB.vosmi"        asn="juniDismanEvent.mi2"/>
		<module vosmi="Juniper-DNS-MIB.vosmi"        asn="juniDns.mi2"/>
		<module vosmi="Juniper-DNS-CONF.vosmi"        asn="juniDnsAC.mi2"/>
		<module vosmi="Juniper-DOS-PROTECTION-MIB.vosmi"        asn="juniDosProtection.mi2"/>
		<module vosmi="Juniper-Dos-Protection-CONF.vosmi"        asn="juniDosProtectionAC.mi2"/>
		<module vosmi="Juniper-DOS-PROTECTION-PLATFORM-MIB.vosmi"        asn="juniDosProtectionPlat.mi2"/>
		<module vosmi="Juniper-Dos-Protection-Platform-CONF.vosmi"        asn="juniDosProtectionPlatformAC.mi2"/>
		<module vosmi="Juniper-DS1-MIB.vosmi"        asn="juniDs1.mi2"/>
		<module vosmi="Juniper-DS1-CONF.vosmi"        asn="juniDs1AC.mi2"/>
		<module vosmi="Juniper-DS3-MIB.vosmi"        asn="juniDs3.mi2"/>
		<module vosmi="Juniper-DS3-CONF.vosmi"        asn="juniDs3AC.mi2"/>
		<module vosmi="Juniper-DVMRP-MIB.vosmi"        asn="juniDvmrp.mi2"/>
		<module vosmi="Juniper-DVMRP-CONF.vosmi"        asn="juniDvmrpAC.mi2"/>
		<module vosmi="Juniper-Entity-CONF.vosmi"        asn="juniEntityAC.mi2"/>
		<module vosmi="Juniper-ERX-Registry.vosmi"        asn="juniErxRegistry.mi2"/>
		<module vosmi="Juniper-ERX-System-MIB.vosmi"        asn="juniErxSystem.mi2"/>
		<module vosmi="Juniper-ERX-System-CONF.vosmi"        asn="juniErxSystemAC.mi2"/>
		<module vosmi="Juniper-ES2-Registry.vosmi"        asn="juniEs2Registry.mi2"/>
		<module vosmi="Juniper-ETHERNET-MIB.vosmi"        asn="juniEthernet.mi2"/>
		<module vosmi="Juniper-Ethernet-CONF.vosmi"        asn="juniEthernetAC.mi2"/>
		<module vosmi="Juniper-Event-Manager-CONF.vosmi"        asn="juniEventMgrAC.mi2"/>
		<module vosmi="Juniper-Experiment.vosmi"        asn="juniExperiment.mi2"/>
		<module vosmi="Juniper-File-Transfer-CONF.vosmi"        asn="juniFileTransferAC.mi2"/>
		<module vosmi="Juniper-FILE-XFER-MIB.vosmi"        asn="juniFileXfer.mi2"/>
		<module vosmi="Juniper-FRAME-RELAY-MIB.vosmi"        asn="juniFr.mi2"/>
		<module vosmi="Juniper-Fractional-T1-CONF.vosmi"        asn="juniFractionalT1AC.mi2"/>
		<module vosmi="Juniper-Frame-Relay-CONF.vosmi"        asn="juniFrameRelayAC.mi2"/>
		<module vosmi="Juniper-FRACTIONAL-T1-MIB.vosmi"        asn="juniFt1.mi2"/>
		<module vosmi="Juniper-Ha-Redundancy-CONF.vosmi"        asn="juniHaRedundancyAC.mi2"/>
		<module vosmi="Juniper-HDLC-MIB.vosmi"        asn="juniHdlc.mi2"/>
		<module vosmi="Juniper-HDLC-CONF.vosmi"        asn="juniHdlcAC.mi2"/>
		<module vosmi="Juniper-HOST-MIB.vosmi"        asn="juniHost.mi2"/>
		<module vosmi="Juniper-HTTP-MIB.vosmi"        asn="juniHttp.mi2"/>
		<module vosmi="Juniper-HTTP-Profile-MIB.vosmi"        asn="juniHttpProfile.mi2"/>
		<module vosmi="Juniper-UNI-IF-MIB.vosmi"        asn="juniIf.mi2"/>
		<module vosmi="Juniper-IGMP-MIB.vosmi"        asn="juniIgmp.mi2"/>
		<module vosmi="Juniper-IGMP-CONF.vosmi"        asn="juniIgmpAC.mi2"/>
		<module vosmi="Juniper-IKE-MIB.vosmi"        asn="juniIke.mi2"/>
		<module vosmi="Juniper-IKE-CONF.vosmi"        asn="juniIkeAC.mi2"/>
		<module vosmi="Juniper-Interfaces-CONF.vosmi"        asn="juniInterfacesAC.mi2"/>
		<module vosmi="Juniper-Internet-CONF.vosmi"        asn="juniInternetAC.mi2"/>
		<module vosmi="Juniper-IP-MIB.vosmi"        asn="juniIp.mi2"/>
		<module vosmi="Juniper-IP-POLICY-MIB.vosmi"        asn="juniIpPolicy.mi2"/>
		<module vosmi="Juniper-IP-Policy-CONF.vosmi"        asn="juniIpPolicyAC.mi2"/>
		<module vosmi="Juniper-IP-PROFILE-MIB.vosmi"        asn="juniIpProfile.mi2"/>
		<module vosmi="Juniper-IP-Profile-CONF.vosmi"        asn="juniIpProfileAC.mi2"/>
		<module vosmi="Juniper-IPsec-Tunnel-MIB.vosmi"        asn="juniIpsecTunnel.mi2"/>
		<module vosmi="Juniper-IPsec-Tunnel-CONF.vosmi"        asn="juniIpsecTunnelAC.mi2"/>
		<module vosmi="Juniper-IP-TUNNEL-MIB.vosmi"        asn="juniIpTunnel.mi2"/>
		<module vosmi="Juniper-IP-Tunnel-CONF.vosmi"        asn="juniIpTunnelAC.mi2"/>
		<module vosmi="Juniper-IPV6-PROFILE-MIB.vosmi"        asn="juniIpv6Profile.mi2"/>
		<module vosmi="Juniper-IPv6-Profile-CONF.vosmi"        asn="juniIpv6ProfileAC.mi2"/>
		<module vosmi="Juniper-ISIS-MIB.vosmi"        asn="juniIsIs.mi2"/>
		<module vosmi="Juniper-IS-IS-CONF.vosmi"        asn="juniIsisAC.mi2"/>
		<module vosmi="Juniper-L2TP-MIB.vosmi"        asn="juniL2tp.mi2"/>
		<module vosmi="Juniper-L2TP-CONF.vosmi"        asn="juniL2tpAC.mi2"/>
		<module vosmi="Juniper-L2TP-Dialout-MIB.vosmi"        asn="juniL2tpDialout.mi2"/>
		<module vosmi="Juniper-L2TP-Dialout-Generator-CONF.vosmi"        asn="juniL2tpDialoutGeneratorAC.mi2"/>
		<module vosmi="Juniper-LICENSE-MIB.vosmi"        asn="juniLicense.mi2"/>
		<module vosmi="Juniper-License-Mgr-CONF.vosmi"        asn="juniLicenseMgrAC.mi2"/>
		<module vosmi="Juniper-Local-Address-Server-CONF.vosmi"        asn="juniLocalAddressServerAC.mi2"/>
		<module vosmi="Juniper-LOG-MIB.vosmi"        asn="juniLog.mi2"/>
		<module vosmi="Juniper-Log-CONF.vosmi"        asn="juniLogAC.mi2"/>
		<module vosmi="Juniper-MIBs.vosmi"        asn="juniMibs.mi2"/>
		<module vosmi="Juniper-MPLS-CONF.vosmi"        asn="juniMplsAC.mi2"/>
		<module vosmi="Juniper-MROUTER-MIB.vosmi"        asn="juniMRouter.mi2"/>
		<module vosmi="Juniper-Multicast-Router-CONF.vosmi"        asn="juniMRouterAC.mi2"/>
		<module vosmi="Juniper-Notification-Log-CONF.vosmi"        asn="juniNotificationLogAC.mi2"/>
		<module vosmi="Juniper-NS-Lookup-CONF.vosmi"        asn="juniNsLookupAC.mi2"/>
		<module vosmi="Juniper-OSPF-MIB.vosmi"        asn="juniOspf.mi2"/>
		<module vosmi="Juniper-OSPF-CONF.vosmi"        asn="juniOspfAC.mi2"/>
		<module vosmi="Juniper-PACKET-MIRROR-MIB.vosmi"        asn="juniPacketMirror.mi2"/>
		<module vosmi="Juniper-Packet-Mirror-CONF.vosmi"        asn="juniPacketMirrorAC.mi2"/>
		<module vosmi="Juniper-PIM-MIB.vosmi"        asn="juniPim.mi2"/>
		<module vosmi="Juniper-PIM-CONF.vosmi"        asn="juniPimAC.mi2"/>
		<module vosmi="Juniper-Ping-CONF.vosmi"        asn="juniPingAC.mi2"/>
		<module vosmi="Juniper-POLICY-MIB.vosmi"        asn="juniPolicy.mi2"/>
		<module vosmi="Juniper-Policy-Manager-CONF.vosmi"        asn="juniPolicyManagerAC.mi2"/>
		<module vosmi="Juniper-PPP-MIB.vosmi"        asn="juniPpp.mi2"/>
		<module vosmi="Juniper-PPP-CONF.vosmi"        asn="juniPppAC.mi2"/>
		<module vosmi="Juniper-PPPOE-MIB.vosmi"        asn="juniPppoe.mi2"/>
		<module vosmi="Juniper-PPPoE-CONF.vosmi"        asn="juniPppoeAC.mi2"/>
		<module vosmi="Juniper-PPPOE-PROFILE-MIB.vosmi"        asn="juniPppoeProfile.mi2"/>
		<module vosmi="Juniper-PPPoE-Profile-CONF.vosmi"        asn="juniPppoeProfileAC.mi2"/>
		<module vosmi="Juniper-PPP-PROFILE-MIB.vosmi"        asn="juniPppProfile.mi2"/>
		<module vosmi="Juniper-PPP-Profile-CONF.vosmi"        asn="juniPppProfileAC.mi2"/>
		<module vosmi="Juniper-Products-MIB.vosmi"        asn="juniProducts.mi2"/>
		<module vosmi="Juniper-PROFILE-MIB.vosmi"        asn="juniProfile.mi2"/>
		<module vosmi="Juniper-Profile-CONF.vosmi"        asn="juniProfileAC.mi2"/>
		<module vosmi="Juniper-QoS-MIB.vosmi"        asn="juniQos.mi2"/>
		<module vosmi="Juniper-QoS-Manager-CONF.vosmi"        asn="juniQosManagerAC.mi2"/>
		<module vosmi="Juniper-RADIUS-CLIENT-MIB.vosmi"        asn="juniRadClient.mi2"/>
		<module vosmi="Juniper-RADIUS-Disconnect-MIB.vosmi"        asn="juniRadDiscon.mi2"/>
		<module vosmi="Juniper-RADIUS-CLIENT-CONF.vosmi"        asn="juniRadiusClientAC.mi2"/>
		<module vosmi="Juniper-RADIUS-Disconnect-CONF.vosmi"        asn="juniRadiusDisconnectAC.mi2"/>
		<module vosmi="Juniper-RADIUS-Proxy-CONF.vosmi"        asn="juniRadiusProxyAC.mi2"/>
		<module vosmi="Juniper-RADIUS-Proxy-MIB.vosmi"        asn="juniRadProxy.mi2"/>
		<module vosmi="Juniper-RADIUS-Initiated-Request-MIB.vosmi"        asn="juniRadRequest.mi2"/>
		<module vosmi="Juniper-REDUNDANCY-MIB.vosmi"        asn="juniRedundancy.mi2"/>
		<module vosmi="Juniper-Registry.vosmi"        asn="juniRegistry.mi2"/>
		<module vosmi="Juniper-RIP-CONF.vosmi"        asn="juniRipAC.mi2"/>
		<module vosmi="Juniper-ROUTER-MIB.vosmi"        asn="juniRouter.mi2"/>
		<module vosmi="Juniper-Router-CONF.vosmi"        asn="juniRouterAC.mi2"/>
		<module vosmi="Juniper-SLEP-MIB.vosmi"        asn="juniSlep.mi2"/>
		<module vosmi="Juniper-SLEP-CONF.vosmi"        asn="juniSlepAC.mi2"/>
		<module vosmi="Juniper-UNI-SMI.vosmi"        asn="juniSmi.mi2"/>
		<module vosmi="Juniper-SNMP-MIB.vosmi"        asn="juniSnmp.mi2"/>
		<module vosmi="Juniper-SNMP-CONF.vosmi"        asn="juniSnmpAC.mi2"/>
		<module vosmi="Juniper-UNI-SONET-MIB.vosmi"        asn="juniSonet.mi2"/>
		<module vosmi="Juniper-SONET-CONF.vosmi"        asn="juniSonetAC.mi2"/>
		<module vosmi="Juniper-SSC-CLIENT-MIB.vosmi"        asn="juniSscClient.mi2"/>
		<module vosmi="Juniper-SSC-Client-CONF.vosmi"        asn="juniSscClientAC.mi2"/>
		<module vosmi="Juniper-SUBSCRIBER-MIB.vosmi"        asn="juniSubscriber.mi2"/>
		<module vosmi="Juniper-Subscriber-CONF.vosmi"        asn="juniSubscriberAC.mi2"/>
		<module vosmi="Juniper-System-Clock-CONF.vosmi"        asn="juniSysClockAC.mi2"/>
		<module vosmi="Juniper-System-MIB.vosmi"        asn="juniSystem.mi2"/>
		<module vosmi="Juniper-System-Clock-MIB.vosmi"        asn="juniSystemClock.mi2"/>
		<module vosmi="Juniper-TACACS-Plus-Client-CONF.vosmi"        asn="juniTacacsPlusClientAC.mi2"/>
		<module vosmi="Juniper-TC.vosmi"        asn="juniTc.mi2"/>
		<module vosmi="Juniper-TACACS-Plus-Client-MIB.vosmi"        asn="juniTcsClient.mi2"/>
		<module vosmi="Juniper-Trace-Route-CONF.vosmi"        asn="juniTraceRouteAC.mi2"/>
		<module vosmi="Juniper-TSM-MIB.vosmi"        asn="juniTSM.mi2"/>
		<module vosmi="Juniper-TSM-CONF.vosmi"        asn="juniTsmAC.mi2"/>
		<module vosmi="Juniper-V35-MIB.vosmi"        asn="juniV35.mi2"/>
		<module vosmi="Juniper-V35-CONF.vosmi"        asn="juniV35AC.mi2"/>
		<module vosmi="Juniper-VRRP-CONF.vosmi"        asn="juniVrrpAC.mi2"/>
		<module vosmi="RFC1155-SMI.vosmi"        asn="rfc1155.smi"/>
		<module vosmi="RFC1158-MIB.vosmi"        asn="rfc1158.mib"/>
		<module vosmi="RFC-1212.vosmi"        asn="rfc1212.smi"/>
		<module vosmi="RFC1213-MIB.vosmi"        asn="rfc1213.mib"/>
		<module vosmi="RFC-1215.vosmi"        asn="rfc1215.smi"/>
		<module vosmi="PPP-LCP-MIB.vosmi"        asn="rfc1471.mib"/>
		<module vosmi="PPP-IP-NCP-MIB.vosmi"        asn="rfc1473.mib"/>
		<module vosmi="RIPv2-MIB.vosmi"        asn="rfc1724.mi2"/>
		<module vosmi="OSPF-MIB.vosmi"        asn="rfc1850.mi2"/>
		<module vosmi="OSPF-TRAP-MIB.vosmi"        asn="rfc1850t.mi2"/>
		<module vosmi="IP-MIB.vosmi"        asn="rfc2011.mi2"/>
		<module vosmi="TCP-MIB.vosmi"        asn="rfc2012.mi2"/>
		<module vosmi="UDP-MIB.vosmi"        asn="rfc2013.mi2"/>
		<module vosmi="IP-FORWARD-MIB.vosmi"        asn="rfc2096.mi2"/>
		<module vosmi="FRAME-RELAY-DTE-MIB.vosmi"        asn="rfc2115.mi2"/>
		<module vosmi="EtherLike-MIB.vosmi"        asn="rfc2358.mi2"/>
		<module vosmi="IPV6-TC.vosmi"        asn="rfc2465tc.mi2"/>
		<module vosmi="PerfHist-TC-MIB.vosmi"        asn="rfc2493.mi2"/>
		<module vosmi="DS1-MIB.vosmi"        asn="rfc2495.mi2"/>
		<module vosmi="DS3-MIB.vosmi"        asn="rfc2496.mi2"/>
		<module vosmi="ACCOUNTING-CONTROL-MIB.vosmi"        asn="rfc2513.mi2"/>
		<module vosmi="ATM-TC-MIB.vosmi"        asn="rfc2514.mi2"/>
		<module vosmi="ATM-MIB.vosmi"        asn="rfc2515.mi2"/>
		<module vosmi="SONET-MIB.vosmi"        asn="rfc2558.mi2"/>
		<module vosmi="SNMPv2-SMI.vosmi"        asn="rfc2578.smi"/>
		<module vosmi="SNMPv2-TC.vosmi"        asn="rfc2579.smi"/>
		<module vosmi="SNMPv2-CONF.vosmi"        asn="rfc2580.smi"/>
		<module vosmi="RADIUS-AUTH-SERVER-MIB.vosmi"        asn="rfc2619.mi2"/>
		<module vosmi="RADIUS-ACC-SERVER-MIB.vosmi"        asn="rfc2621.mi2"/>
		<module vosmi="ENTITY-MIB.vosmi"        asn="rfc2737.mi2"/>
		<module vosmi="VRRP-MIB.vosmi"        asn="rfc2787.mi2"/>
		<module vosmi="HOST-RESOURCES-MIB.vosmi"        asn="rfc2790.mi2"/>
		<module vosmi="IF-MIB.vosmi"        asn="rfc2863.mi2"/>
		<module vosmi="IF-INVERTED-STACK-MIB.vosmi"        asn="rfc2864.mi2"/>
		<module vosmi="DISMAN-NSLOOKUP-MIB.vosmi"        asn="rfc2925n.mi2"/>
		<module vosmi="DISMAN-PING-MIB.vosmi"        asn="rfc2925p.mi2"/>
		<module vosmi="DISMAN-TRACEROUTE-MIB.vosmi"        asn="rfc2925t.mi2"/>
		<module vosmi="IPMROUTE-STD-MIB.vosmi"        asn="rfc2932.mi2"/>
		<module vosmi="IGMP-STD-MIB.vosmi"        asn="rfc2933.mi2"/>
		<module vosmi="PIM-MIB.vosmi"        asn="rfc2934.mi2"/>
		<module vosmi="NOTIFICATION-LOG-MIB.vosmi"        asn="rfc3014.mi2"/>
		<module vosmi="INET-ADDRESS-MIB.vosmi"        asn="rfc3291.mi2"/>
		<module vosmi="SNMP-FRAMEWORK-MIB.vosmi"        asn="rfc3411.mi2"/>
		<module vosmi="SNMP-MPD-MIB.vosmi"        asn="rfc3412.mi2"/>
		<module vosmi="SNMP-NOTIFICATION-MIB.vosmi"        asn="rfc3413n.mi2"/>
		<module vosmi="SNMP-TARGET-MIB.vosmi"        asn="rfc3413t.mi2"/>
		<module vosmi="SNMP-USER-BASED-SM-MIB.vosmi"        asn="rfc3414.mi2"/>
		<module vosmi="SNMP-VIEW-BASED-ACM-MIB.vosmi"        asn="rfc3415.mi2"/>
		<module vosmi="SNMPv2-TM.vosmi"        asn="rfc3417.mi2"/>
		<module vosmi="SNMPv2-MIB.vosmi"        asn="rfc3418.mi2"/>
		<module vosmi="TRANSPORT-ADDRESS-MIB.vosmi"        asn="rfc3419.mi2"/>
		<module vosmi="APS-MIB.vosmi"        asn="rfc3498.mi2"/>
		<module vosmi="ATM2-MIB.vosmi"        asn="rfc3606.mi2"/>
		<module vosmi="MPLS-TC-STD-MIB.vosmi"        asn="rfc3811.mi2"/>
		<module vosmi="MPLS-LSR-STD-MIB.vosmi"        asn="rfc3813.mi2"/>
		<module vosmi="MPLS-FTN-STD-MIB.vosmi"        asn="rfc3814.mi2"/>
		<module vosmi="MPLS-LDP-GENERIC-STD-MIB.vosmi"        asn="rfc3815gen.mi2"/>
		<module vosmi="MPLS-LDP-STD-MIB.vosmi"        asn="rfc3815std.mi2"/>
		<module vosmi="INET-ADDRESS-MIB.vosmi"        asn="rfc4001.mi2"/>
		<module vosmi="TCP-MIB.vosmi"        asn="rfc4022.mi2"/>
		<module vosmi="UDP-MIB.vosmi"        asn="rfc4113.mi2"/>
		<module vosmi="IP-FORWARD-MIB.vosmi"        asn="rfc4292.mi2"/>
	</modules>
</package>
